TDSFU Daily run: Tue Oct 21 17:45:17 UTC 2025 TDSFU
TDSFU Daily run: Wed Oct 22 04:35:53 UTC 2025 TDSFU
TDSFU Daily run: Thu Oct 23 04:34:37 UTC 2025 TDSFU
TDSFU Daily run: Fri Oct 24 04:34:14 UTC 2025 TDSFU
TDSFU Daily run: Sat Oct 25 04:33:30 UTC 2025 TDSFU
TDSFU Daily run: Sun Oct 26 04:33:48 UTC 2025 TDSFU
TDSFU Daily run: Mon Oct 27 04:42:57 UTC 2025 TDSFU
TDSFU Daily run: Tue Oct 28 04:35:25 UTC 2025 TDSFU
TDSFU Daily run: Wed Oct 29 04:41:01 UTC 2025 TDSFU
TDSFU Daily run: Thu Oct 30 04:34:48 UTC 2025 TDSFU
TDSFU Daily run: Fri Oct 31 04:37:08 UTC 2025 TDSFU
TDSFU Daily run: Sat Nov  1 04:33:03 UTC 2025 TDSFU
TDSFU Daily run: Sun Nov  2 04:35:48 UTC 2025 TDSFU
TDSFU Daily run: Mon Nov  3 04:41:48 UTC 2025 TDSFU
TDSFU Daily run: Tue Nov  4 04:35:27 UTC 2025 TDSFU
TDSFU Daily run: Wed Nov  5 04:35:51 UTC 2025 TDSFU
TDSFU Daily run: Thu Nov  6 04:41:26 UTC 2025 TDSFU
TDSFU Daily run: Fri Nov  7 04:35:25 UTC 2025 TDSFU
TDSFU Daily run: Sat Nov  8 04:33:49 UTC 2025 TDSFU
TDSFU Daily run: Sun Nov  9 04:34:29 UTC 2025 TDSFU
TDSFU Daily run: Mon Nov 10 04:40:24 UTC 2025 TDSFU
TDSFU Daily run: Tue Nov 11 04:38:02 UTC 2025 TDSFU
TDSFU Daily run: Wed Nov 12 04:37:43 UTC 2025 TDSFU
TDSFU Daily run: Thu Nov 13 04:39:47 UTC 2025 TDSFU
TDSFU Daily run: Fri Nov 14 04:36:50 UTC 2025 TDSFU
TDSFU Daily run: Sat Nov 15 04:34:31 UTC 2025 TDSFU
TDSFU Daily run: Sun Nov 16 04:38:31 UTC 2025 TDSFU
TDSFU Daily run: Mon Nov 17 04:40:48 UTC 2025 TDSFU
TDSFU Daily run: Tue Nov 18 04:37:01 UTC 2025 TDSFU
TDSFU Daily run: Wed Nov 19 04:37:21 UTC 2025 TDSFU
TDSFU Daily run: Thu Nov 20 04:35:25 UTC 2025 TDSFU
TDSFU Daily run: Fri Nov 21 04:36:55 UTC 2025 TDSFU
TDSFU Daily run: Sat Nov 22 04:34:18 UTC 2025 TDSFU
TDSFU Daily run: Sun Nov 23 04:45:26 UTC 2025 TDSFU
TDSFU Daily run: Mon Nov 24 04:46:34 UTC 2025 TDSFU
TDSFU Daily run: Tue Nov 25 04:40:35 UTC 2025 TDSFU
TDSFU Daily run: Wed Nov 26 04:40:36 UTC 2025 TDSFU
TDSFU Daily run: Thu Nov 27 04:38:50 UTC 2025 TDSFU
TDSFU Daily run: Fri Nov 28 04:38:11 UTC 2025 TDSFU
TDSFU Daily run: Sat Nov 29 04:36:29 UTC 2025 TDSFU
TDSFU Daily run: Sun Nov 30 04:46:59 UTC 2025 TDSFU
TDSFU Daily run: Mon Dec  1 04:58:05 UTC 2025 TDSFU
TDSFU Daily run: Tue Dec  2 04:44:23 UTC 2025 TDSFU
TDSFU Daily run: Wed Dec  3 04:42:16 UTC 2025 TDSFU
TDSFU Daily run: Thu Dec  4 04:43:30 UTC 2025 TDSFU
TDSFU Daily run: Fri Dec  5 04:42:55 UTC 2025 TDSFU
TDSFU Daily run: Sat Dec  6 04:35:06 UTC 2025 TDSFU
TDSFU Daily run: Sun Dec  7 04:44:58 UTC 2025 TDSFU
